{"IcoMoonType":"selection","icons":[{"icon":{"paths":["M61.526 210.551c0-171.054 206.811-256.718 327.765-135.764l301.461 301.461c74.982 74.981 74.982 196.548 0 271.528l-301.461 301.459c-120.954 120.954-327.765 35.29-327.765-135.763v-602.921z"],"attrs":[{}],"width":768,"isMulticolor":false,"isMulticolor2":false,"grid":0,"tags":["caret-right"]},"attrs":[{}],"properties":{"order":2,"id":0,"name":"caret-right","prevSize":32,"code":59648},"setIdx":0,"setId":0,"iconIdx":0}],"height":1024,"metadata":{"name":"icomoon"},"preferences":{"showGlyphs":true,"showCodes":true,"showQuickUse":true,"showQuickUse2":true,"showSVGs":true,"fontPref":{"prefix":"icon-","metadata":{"fontFamily":"icomoon"},"metrics":{"emSize":1024,"baseline":6.25,"whitespace":50},"embed":false},"imagePref":{"prefix":"icon-","png":true,"useClassSelector":true,"color":0,"bgColor":16777215},"historySize":50,"gridSize":16}}